"","育齡婦女生育率─按區域別分"
"","總生育率 / 區域別總計 ","總生育率 / 新北市 ","總生育率 / 臺北縣 ","總生育率 / 臺北市 ","總生育率 / 桃園市 ","總生育率 / 桃園縣(103年改制前) ","總生育率 / 臺中市 ","總生育率 / 臺中市(99年改制前) ","總生育率 / 臺中縣 ","總生育率 / 臺南市 ","總生育率 / 臺南市(99年改制前) ","總生育率 / 臺南縣 ","總生育率 / 高雄市 ","總生育率 / 高雄市(99年改制前) ","總生育率 / 高雄縣 ","總生育率 / 宜蘭縣 ","總生育率 / 新竹縣 ","總生育率 / 苗栗縣 ","總生育率 / 彰化縣 ","總生育率 / 南投縣 ","總生育率 / 雲林縣 ","總生育率 / 嘉義縣 ","總生育率 / 屏東縣 ","總生育率 / 臺東縣 ","總生育率 / 花蓮縣 ","總生育率 / 澎湖縣 ","總生育率 / 基隆市 ","總生育率 / 新竹市 ","總生育率 / 嘉義市 ","總生育率 / 金門縣 ","總生育率 / 連江縣 ","15-19歲 / 區域別總計 ","15-19歲 / 新北市 ","15-19歲 / 臺北縣 ","15-19歲 / 臺北市 ","15-19歲 / 桃園市 ","15-19歲 / 桃園縣(103年改制前) ","15-19歲 / 臺中市 ","15-19歲 / 臺中市(99年改制前) ","15-19歲 / 臺中縣 ","15-19歲 / 臺南市 ","15-19歲 / 臺南市(99年改制前) ","15-19歲 / 臺南縣 ","15-19歲 / 高雄市 ","15-19歲 / 高雄市(99年改制前) ","15-19歲 / 高雄縣 ","15-19歲 / 宜蘭縣 ","15-19歲 / 新竹縣 ","15-19歲 / 苗栗縣 ","15-19歲 / 彰化縣 ","15-19歲 / 南投縣 ","15-19歲 / 雲林縣 ","15-19歲 / 嘉義縣 ","15-19歲 / 屏東縣 ","15-19歲 / 臺東縣 ","15-19歲 / 花蓮縣 ","15-19歲 / 澎湖縣 ","15-19歲 / 基隆市 ","15-19歲 / 新竹市 ","15-19歲 / 嘉義市 ","15-19歲 / 金門縣 ","15-19歲 / 連江縣 ","20-24歲 / 區域別總計 ","20-24歲 / 新北市 ","20-24歲 / 臺北縣 ","20-24歲 / 臺北市 ","20-24歲 / 桃園市 ","20-24歲 / 桃園縣(103年改制前) ","20-24歲 / 臺中市 ","20-24歲 / 臺中市(99年改制前) ","20-24歲 / 臺中縣 ","20-24歲 / 臺南市 ","20-24歲 / 臺南市(99年改制前) ","20-24歲 / 臺南縣 ","20-24歲 / 高雄市 ","20-24歲 / 高雄市(99年改制前) ","20-24歲 / 高雄縣 ","20-24歲 / 宜蘭縣 ","20-24歲 / 新竹縣 ","20-24歲 / 苗栗縣 ","20-24歲 / 彰化縣 ","20-24歲 / 南投縣 ","20-24歲 / 雲林縣 ","20-24歲 / 嘉義縣 ","20-24歲 / 屏東縣 ","20-24歲 / 臺東縣 ","20-24歲 / 花蓮縣 ","20-24歲 / 澎湖縣 ","20-24歲 / 基隆市 ","20-24歲 / 新竹市 ","20-24歲 / 嘉義市 ","20-24歲 / 金門縣 ","20-24歲 / 連江縣 ","25-29歲 / 區域別總計 ","25-29歲 / 新北市 ","25-29歲 / 臺北縣 ","25-29歲 / 臺北市 ","25-29歲 / 桃園市 ","25-29歲 / 桃園縣(103年改制前) ","25-29歲 / 臺中市 ","25-29歲 / 臺中市(99年改制前) ","25-29歲 / 臺中縣 ","25-29歲 / 臺南市 ","25-29歲 / 臺南市(99年改制前) ","25-29歲 / 臺南縣 ","25-29歲 / 高雄市 ","25-29歲 / 高雄市(99年改制前) ","25-29歲 / 高雄縣 ","25-29歲 / 宜蘭縣 ","25-29歲 / 新竹縣 ","25-29歲 / 苗栗縣 ","25-29歲 / 彰化縣 ","25-29歲 / 南投縣 ","25-29歲 / 雲林縣 ","25-29歲 / 嘉義縣 ","25-29歲 / 屏東縣 ","25-29歲 / 臺東縣 ","25-29歲 / 花蓮縣 ","25-29歲 / 澎湖縣 ","25-29歲 / 基隆市 ","25-29歲 / 新竹市 ","25-29歲 / 嘉義市 ","25-29歲 / 金門縣 ","25-29歲 / 連江縣 ","30-34歲 / 區域別總計 ","30-34歲 / 新北市 ","30-34歲 / 臺北縣 ","30-34歲 / 臺北市 ","30-34歲 / 桃園市 ","30-34歲 / 桃園縣(103年改制前) ","30-34歲 / 臺中市 ","30-34歲 / 臺中市(99年改制前) ","30-34歲 / 臺中縣 ","30-34歲 / 臺南市 ","30-34歲 / 臺南市(99年改制前) ","30-34歲 / 臺南縣 ","30-34歲 / 高雄市 ","30-34歲 / 高雄市(99年改制前) ","30-34歲 / 高雄縣 ","30-34歲 / 宜蘭縣 ","30-34歲 / 新竹縣 ","30-34歲 / 苗栗縣 ","30-34歲 / 彰化縣 ","30-34歲 / 南投縣 ","30-34歲 / 雲林縣 ","30-34歲 / 嘉義縣 ","30-34歲 / 屏東縣 ","30-34歲 / 臺東縣 ","30-34歲 / 花蓮縣 ","30-34歲 / 澎湖縣 ","30-34歲 / 基隆市 ","30-34歲 / 新竹市 ","30-34歲 / 嘉義市 ","30-34歲 / 金門縣 ","30-34歲 / 連江縣 ","35-39歲 / 區域別總計 ","35-39歲 / 新北市 ","35-39歲 / 臺北縣 ","35-39歲 / 臺北市 ","35-39歲 / 桃園市 ","35-39歲 / 桃園縣(103年改制前) ","35-39歲 / 臺中市 ","35-39歲 / 臺中市(99年改制前) ","35-39歲 / 臺中縣 ","35-39歲 / 臺南市 ","35-39歲 / 臺南市(99年改制前) ","35-39歲 / 臺南縣 ","35-39歲 / 高雄市 ","35-39歲 / 高雄市(99年改制前) ","35-39歲 / 高雄縣 ","35-39歲 / 宜蘭縣 ","35-39歲 / 新竹縣 ","35-39歲 / 苗栗縣 ","35-39歲 / 彰化縣 ","35-39歲 / 南投縣 ","35-39歲 / 雲林縣 ","35-39歲 / 嘉義縣 ","35-39歲 / 屏東縣 ","35-39歲 / 臺東縣 ","35-39歲 / 花蓮縣 ","35-39歲 / 澎湖縣 ","35-39歲 / 基隆市 ","35-39歲 / 新竹市 ","35-39歲 / 嘉義市 ","35-39歲 / 金門縣 ","35-39歲 / 連江縣 ","40-44歲 / 區域別總計 ","40-44歲 / 新北市 ","40-44歲 / 臺北縣 ","40-44歲 / 臺北市 ","40-44歲 / 桃園市 ","40-44歲 / 桃園縣(103年改制前) ","40-44歲 / 臺中市 ","40-44歲 / 臺中市(99年改制前) ","40-44歲 / 臺中縣 ","40-44歲 / 臺南市 ","40-44歲 / 臺南市(99年改制前) ","40-44歲 / 臺南縣 ","40-44歲 / 高雄市 ","40-44歲 / 高雄市(99年改制前) ","40-44歲 / 高雄縣 ","40-44歲 / 宜蘭縣 ","40-44歲 / 新竹縣 ","40-44歲 / 苗栗縣 ","40-44歲 / 彰化縣 ","40-44歲 / 南投縣 ","40-44歲 / 雲林縣 ","40-44歲 / 嘉義縣 ","40-44歲 / 屏東縣 ","40-44歲 / 臺東縣 ","40-44歲 / 花蓮縣 ","40-44歲 / 澎湖縣 ","40-44歲 / 基隆市 ","40-44歲 / 新竹市 ","40-44歲 / 嘉義市 ","40-44歲 / 金門縣 ","40-44歲 / 連江縣 ","45-49歲 / 區域別總計 ","45-49歲 / 新北市 ","45-49歲 / 臺北縣 ","45-49歲 / 臺北市 ","45-49歲 / 桃園市 ","45-49歲 / 桃園縣(103年改制前) ","45-49歲 / 臺中市 ","45-49歲 / 臺中市(99年改制前) ","45-49歲 / 臺中縣 ","45-49歲 / 臺南市 ","45-49歲 / 臺南市(99年改制前) ","45-49歲 / 臺南縣 ","45-49歲 / 高雄市 ","45-49歲 / 高雄市(99年改制前) ","45-49歲 / 高雄縣 ","45-49歲 / 宜蘭縣 ","45-49歲 / 新竹縣 ","45-49歲 / 苗栗縣 ","45-49歲 / 彰化縣 ","45-49歲 / 南投縣 ","45-49歲 / 雲林縣 ","45-49歲 / 嘉義縣 ","45-49歲 / 屏東縣 ","45-49歲 / 臺東縣 ","45-49歲 / 花蓮縣 ","45-49歲 / 澎湖縣 ","45-49歲 / 基隆市 ","45-49歲 / 新竹市 ","45-49歲 / 嘉義市 ","45-49歲 / 金門縣 ","45-49歲 / 連江縣 "
"84年","  1,775.00","  1,670.00","  1,670.00","  1,415.00","  1,925.00","  1,925.00","         -","  1,675.00","  1,905.00","         -","  1,550.00","  1,785.00","         -","  1,515.00","  1,785.00","  1,940.00","  2,235.00","  2,035.00","  1,950.00","  1,985.00","  2,080.00","  2,035.00","  1,895.00","  1,975.00","  1,960.00","  1,750.00","  1,710.00","  1,880.00","  1,640.00","  2,350.00","  1,885.00","     17.00","     14.00","     14.00","      6.00","     18.00","     18.00","         -","     10.00","     18.00","         -","     11.00","     18.00","         -","     10.00","     20.00","     24.00","     26.00","     23.00","     17.00","     27.00","     26.00","     24.00","     30.00","     41.00","     35.00","     21.00","     18.00","     17.00","     13.00","      8.00","      3.00","     86.00","     72.00","     72.00","     42.00","     99.00","     99.00","         -","     66.00","     95.00","         -","     63.00","    100.00","         -","     61.00","     94.00","    109.00","    124.00","    111.00","    103.00","    115.00","    123.00","    122.00","    112.00","    113.00","    111.00","     94.00","     78.00","     84.00","     74.00","     72.00","     60.00","    148.00","    140.00","    140.00","    115.00","    163.00","    163.00","         -","    150.00","    167.00","         -","    140.00","    154.00","         -","    135.00","    150.00","    155.00","    176.00","    165.00","    174.00","    158.00","    170.00","    165.00","    142.00","    142.00","    142.00","    144.00","    139.00","    160.00","    142.00","    239.00","    211.00","     82.00","     84.00","     84.00","     92.00","     83.00","     83.00","         -","     86.00","     81.00","         -","     77.00","     69.00","         -","     77.00","     75.00","     78.00","     96.00","     84.00","     79.00","     78.00","     78.00","     76.00","     75.00","     75.00","     76.00","     75.00","     83.00","     91.00","     75.00","    110.00","     94.00","     20.00","     21.00","     21.00","     25.00","     20.00","     20.00","         -","     20.00","     18.00","         -","     18.00","     14.00","         -","     18.00","     16.00","     18.00","     21.00","     21.00","     16.00","     17.00","     17.00","     18.00","     18.00","     21.00","     24.00","     15.00","     21.00","     22.00","     22.00","     36.00","      9.00","      2.00","      3.00","      3.00","      3.00","      2.00","      2.00","         -","      3.00","      2.00","         -","      1.00","      2.00","         -","      2.00","      2.00","      3.00","      3.00","      3.00","      1.00","      2.00","      2.00","      2.00","      2.00","      3.00","      4.00","      1.00","      3.00","      2.00","      2.00","      5.00","         -","      0.10","      0.10","      0.10","      0.10","      0.10","      0.10","         -","      0.10","      0.10","         -","         -","      0.10","         -","      0.10","      0.10","      1.00","      1.00","         -","      0.10","      0.10","      0.10","         -","      0.10","      0.10","      0.10","         -","      0.10","         -","         -","         -","         -"
"85年","  1,760.00","  1,580.00","  1,580.00","  1,450.00","  1,920.00","  1,920.00","         -","  1,700.00","  1,935.00","         -","  1,495.00","  1,765.00","         -","  1,500.00","  1,775.00","  1,890.00","  2,270.00","  2,045.00","  1,975.00","  1,980.00","  2,070.00","  2,055.00","  1,905.00","  2,010.00","  1,965.00","  1,635.00","  1,660.00","  1,855.00","  1,650.00","  2,215.00","  1,865.00","     17.00","     13.00","     13.00","      6.00","     18.00","     18.00","         -","     10.00","     17.00","         -","     11.00","     18.00","         -","     10.00","     20.00","     22.00","     29.00","     24.00","     18.00","     29.00","     25.00","     26.00","     28.00","     44.00","     36.00","     16.00","     18.00","     16.00","     12.00","      7.00","     15.00","     83.00","     68.00","     68.00","     40.00","     96.00","     96.00","         -","     61.00","     92.00","         -","     61.00","     96.00","         -","     59.00","     88.00","    102.00","    122.00","    110.00","     99.00","    112.00","    120.00","    120.00","    110.00","    113.00","    106.00","     83.00","     77.00","     85.00","     77.00","     71.00","     43.00","    145.00","    131.00","    131.00","    116.00","    161.00","    161.00","         -","    154.00","    168.00","         -","    131.00","    149.00","         -","    129.00","    149.00","    154.00","    177.00","    163.00","    173.00","    154.00","    167.00","    164.00","    144.00","    139.00","    143.00","    138.00","    132.00","    148.00","    139.00","    202.00","    184.00","     84.00","     81.00","     81.00","     96.00","     84.00","     84.00","         -","     92.00","     87.00","         -","     76.00","     74.00","         -","     82.00","     79.00","     79.00","     98.00","     88.00","     87.00","     79.00","     84.00","     81.00","     78.00","     80.00","     80.00","     72.00","     80.00","     94.00","     79.00","    122.00","    113.00","     21.00","     21.00","     21.00","     28.00","     22.00","     22.00","         -","     21.00","     20.00","         -","     18.00","     14.00","         -","     18.00","     17.00","     19.00","     25.00","     21.00","     16.00","     19.00","     16.00","     18.00","     19.00","     21.00","     24.00","     16.00","     23.00","     24.00","     21.00","     34.00","     18.00","      2.00","      2.00","      2.00","      4.00","      3.00","      3.00","         -","      2.00","      3.00","         -","      2.00","      2.00","         -","      2.00","      2.00","      2.00","      3.00","      3.00","      2.00","      3.00","      2.00","      2.00","      2.00","      4.00","      4.00","      2.00","      2.00","      4.00","      2.00","      7.00","         -","      0.10","      0.10","      0.10","      0.10","      0.10","      0.10","         -","      0.10","      0.10","         -","      0.10","      0.10","         -","      0.10","      0.10","      0.10","      0.10","      0.10","      0.10","      0.10","      0.10","      0.10","      0.10","      1.00","      0.10","      0.10","      0.10","      0.10","      0.10","      0.10","      0.10"
"86年","  1,770.00","  1,575.00","  1,575.00","  1,540.00","  1,920.00","  1,920.00","         -","  1,700.00","  1,910.00","         -","  1,485.00","  1,810.00","         -","  1,495.00","  1,760.00","  1,910.00","  2,245.00","  2,005.00","  1,970.00","  1,985.00","  2,100.00","  2,100.00","  1,870.00","  1,985.00","  1,925.00","  1,860.00","  1,620.00","  1,860.00","  1,640.00","  2,130.00","  1,620.00","     15.00","     11.00","     11.00","      6.00","     17.00","     17.00","         -","      8.00","     16.00","         -","     10.00","     16.00","         -","      8.00","     19.00","     20.00","     27.00","     19.00","     17.00","     26.00","     24.00","     24.00","     27.00","     40.00","     34.00","     16.00","     15.00","     13.00","     12.00","      5.00","      6.00","     80.00","     65.00","     65.00","     41.00","     95.00","     95.00","         -","     63.00","     87.00","         -","     55.00","     94.00","         -","     56.00","     87.00","     99.00","    117.00","    107.00","     95.00","    106.00","    120.00","    115.00","    108.00","    108.00","    102.00","     98.00","     71.00","     81.00","     67.00","     68.00","     75.00","    147.00","    131.00","    131.00","    124.00","    161.00","    161.00","         -","    149.00","    170.00","         -","    132.00","    155.00","         -","    128.00","    146.00","    154.00","    175.00","    165.00","    175.00","    156.00","    170.00","    171.00","    143.00","    138.00","    136.00","    143.00","    130.00","    154.00","    141.00","    180.00","    129.00","     87.00","     83.00","     83.00","    104.00","     86.00","     86.00","         -","     93.00","     86.00","         -","     80.00","     78.00","         -","     84.00","     80.00","     87.00","    101.00","     87.00","     88.00","     87.00","     87.00","     87.00","     76.00","     84.00","     84.00","     90.00","     82.00","     99.00","     83.00","    137.00","     78.00","     22.00","     22.00","     22.00","     30.00","     22.00","     22.00","         -","     24.00","     21.00","         -","     18.00","     17.00","         -","     20.00","     18.00","     20.00","     26.00","     21.00","     17.00","     20.00","     18.00","     21.00","     18.00","     22.00","     24.00","     22.00","     23.00","     23.00","     23.00","     33.00","     28.00","      3.00","      3.00","      3.00","      3.00","      3.00","      3.00","         -","      3.00","      2.00","         -","      2.00","      2.00","         -","      3.00","      2.00","      2.00","      3.00","      2.00","      2.00","      2.00","      1.00","      2.00","      2.00","      5.00","      5.00","      3.00","      3.00","      2.00","      2.00","      2.00","      8.00","      0.10","      0.10","      0.10","      0.10","      0.10","      0.10","         -","      0.10","      0.10","         -","         -","      0.10","         -","      0.10","      0.10","      0.10","      0.10","      0.10","      0.10","      0.10","      0.10","      0.10","      0.10","      0.10","      0.10","         -","      0.10","      0.10","      0.10","      1.00","         -"
"87年","  1,465.00","  1,295.00","  1,295.00","  1,310.00","  1,595.00","  1,595.00","         -","  1,350.00","  1,545.00","         -","  1,190.00","  1,485.00","         -","  1,210.00","  1,445.00","  1,555.00","  1,885.00","  1,625.00","  1,670.00","  1,675.00","  1,745.00","  1,795.00","  1,550.00","  1,760.00","  1,595.00","  1,500.00","  1,355.00","  1,515.00","  1,325.00","  1,825.00","  1,360.00","     14.00","     11.00","     11.00","      5.00","     16.00","     16.00","         -","      7.00","     13.00","         -","      9.00","     15.00","         -","      9.00","     16.00","     21.00","     22.00","     18.00","     16.00","     23.00","     22.00","     23.00","     22.00","     33.00","     31.00","     16.00","     12.00","     12.00","     11.00","      4.00","     13.00","     66.00","     54.00","     54.00","     35.00","     79.00","     79.00","         -","     48.00","     71.00","         -","     43.00","     76.00","         -","     46.00","     72.00","     80.00","     97.00","     84.00","     81.00","     92.00","    101.00","    100.00","     86.00","    101.00","     85.00","     73.00","     58.00","     64.00","     56.00","     63.00","     40.00","    116.00","    102.00","    102.00","     98.00","    126.00","    126.00","         -","    114.00","    131.00","         -","    102.00","    121.00","         -","     98.00","    114.00","    118.00","    147.00","    130.00","    143.00","    129.00","    138.00","    141.00","    115.00","    118.00","    110.00","    114.00","    106.00","    121.00","    107.00","    152.00","    135.00","     73.00","     69.00","     69.00","     90.00","     74.00","     74.00","         -","     77.00","     73.00","         -","     64.00","     66.00","         -","     68.00","     67.00","     70.00","     83.00","     72.00","     76.00","     68.00","     70.00","     74.00","     68.00","     72.00","     68.00","     75.00","     69.00","     79.00","     72.00","    116.00","     62.00","     21.00","     20.00","     20.00","     30.00","     21.00","     21.00","         -","     21.00","     19.00","         -","     18.00","     17.00","         -","     19.00","     18.00","     20.00","     25.00","     19.00","     16.00","     20.00","     17.00","     19.00","     17.00","     25.00","     22.00","     19.00","     23.00","     25.00","     17.00","     27.00","     18.00","      3.00","      3.00","      3.00","      4.00","      3.00","      3.00","         -","      3.00","      2.00","         -","      2.00","      2.00","         -","      2.00","      2.00","      2.00","      3.00","      2.00","      2.00","      3.00","      1.00","      2.00","      2.00","      3.00","      3.00","      3.00","      3.00","      2.00","      2.00","      3.00","      4.00","      0.20","      0.20","      0.20","      0.20","      0.20","      0.20","         -","      0.10","      0.10","         -","      0.30","      0.10","         -","      0.20","      0.20","      0.20","      0.40","      0.20","      0.10","      0.30","      0.30","      0.30","      0.10","      0.40","      0.20","         -","         -","      0.20","      0.20","         -","         -"
"88年","  1,555.00","  1,345.00","  1,345.00","  1,410.00","  1,690.00","  1,690.00","         -","  1,485.00","  1,670.00","         -","  1,290.00","  1,575.00","         -","  1,285.00","  1,530.00","  1,585.00","  2,055.00","  1,800.00","  1,760.00","  1,700.00","  1,860.00","  1,825.00","  1,580.00","  1,775.00","  1,675.00","  1,625.00","  1,420.00","  1,625.00","  1,425.00","  1,890.00","  1,895.00","     12.90","      9.60","      9.60","      4.70","     14.00","     14.00","         -","      6.00","     14.10","         -","      8.60","     14.70","         -","      7.00","     15.60","     16.70","     21.40","     18.60","     15.60","     21.40","     20.10","     20.50","     20.80","     31.40","     30.60","     12.40","     11.40","     12.70","      9.40","      6.40","      3.40","     65.80","     52.70","     52.70","     33.20","     77.40","     77.40","         -","     47.60","     72.70","         -","     46.40","     73.80","         -","     43.40","     71.20","     75.20","    100.60","     90.60","     83.50","     86.00","    101.30","     98.90","     83.30","    100.10","     82.50","     77.30","     63.40","     63.70","     58.80","     61.00","     78.00","    125.90","    109.40","    109.40","    106.80","    141.70","    141.70","         -","    131.70","    145.30","         -","    106.50","    134.60","         -","    106.60","    124.40","    128.50","    165.70","    146.50","    148.40","    136.70","    150.40","    144.20","    123.50","    118.10","    117.60","    131.40","    116.20","    135.40","    119.60","    153.20","    153.00","     81.60","     74.10","     74.10","    101.90","     81.00","     81.00","         -","     87.40","     81.80","         -","     75.60","     74.40","         -","     78.80","     75.70","     74.60","     97.60","     81.80","     83.70","     75.20","     81.50","     80.90","     69.60","     75.00","     75.80","     78.90","     70.20","     89.90","     75.20","    111.90","     88.20","     20.70","     20.40","     20.40","     30.70","     20.80","     20.80","         -","     21.70","     17.70","         -","     17.60","     15.10","         -","     19.00","     16.90","     18.10","     21.20","     18.10","     18.20","     18.90","     17.30","     18.00","     16.20","     26.40","     21.70","     23.80","     21.30","     21.40","     19.80","     39.90","     48.70","      2.60","      2.60","      2.60","      3.80","      2.50","      2.50","         -","      2.40","      2.10","         -","      2.20","      1.60","         -","      2.30","      2.10","      2.90","      4.00","      3.30","      1.90","      2.10","      2.30","      2.10","      1.80","      5.10","      3.80","      2.20","      2.80","      2.20","      2.30","      5.10","      8.40","      0.20","      0.20","      0.20","      0.20","      0.20","      0.20","         -","      0.20","      0.20","         -","      0.20","      0.10","         -","      0.10","      0.20","      0.10","      0.40","      0.10","      0.20","      0.20","      0.10","      0.30","      0.30","      0.10","      0.50","         -","         -","      0.20","      0.30","      0.60","         -"
"89年","  1,680.00","  1,480.00","  1,480.00","  1,510.00","  1,835.00","  1,835.00","         -","  1,555.00","  1,735.00","         -","  1,405.00","  1,705.00","         -","  1,420.00","  1,695.00","  1,725.00","  2,205.00","  1,915.00","  1,860.00","  1,810.00","  1,990.00","  2,090.00","  1,725.00","  1,855.00","  1,710.00","  1,850.00","  1,565.00","  1,775.00","  1,505.00","  2,210.00","  2,225.00","     14.00","     11.00","     11.00","      5.00","     16.00","     16.00","         -","      8.00","     15.00","         -","      9.00","     16.00","         -","      8.00","     17.00","     19.00","     24.00","     19.00","     16.00","     25.00","     22.00","     23.00","     22.00","     30.00","     30.00","     13.00","     13.00","     13.00","     12.00","      6.00","      4.00","     72.00","     58.00","     58.00","     36.00","     85.00","     85.00","         -","     50.00","     76.00","         -","     47.00","     81.00","         -","     49.00","     80.00","     84.00","    115.00","     97.00","     90.00","     97.00","    109.00","    114.00","     91.00","     99.00","     82.00","     88.00","     65.00","     68.00","     61.00","     76.00","     46.00","    133.00","    118.00","    118.00","    111.00","    148.00","    148.00","         -","    132.00","    146.00","         -","    114.00","    144.00","         -","    117.00","    134.00","    137.00","    169.00","    154.00","    155.00","    137.00","    161.00","    164.00","    131.00","    124.00","    121.00","    155.00","    121.00","    136.00","    120.00","    175.00","    169.00","     90.00","     83.00","     83.00","    111.00","     90.00","     90.00","         -","     94.00","     87.00","         -","     88.00","     80.00","         -","     85.00","     84.00","     81.00","    103.00","     89.00","     90.00","     80.00","     84.00","     94.00","     78.00","     82.00","     81.00","     93.00","     86.00","    108.00","     83.00","    135.00","    192.00","     24.00","     23.00","     23.00","     34.00","     25.00","     25.00","         -","     24.00","     20.00","         -","     21.00","     18.00","         -","     22.00","     21.00","     21.00","     26.00","     22.00","     19.00","     20.00","     20.00","     20.00","     21.00","     32.00","     23.00","     19.00","     24.00","     27.00","     22.00","     42.00","     30.00","      3.00","      3.00","      3.00","      5.00","      3.00","      3.00","         -","      3.00","      3.00","         -","      2.00","      2.00","         -","      3.00","      3.00","      3.00","      4.00","      2.00","      2.00","      3.00","      2.00","      3.00","      2.00","      4.00","      5.00","      2.00","      4.00","      3.00","      3.00","      7.00","      4.00","      0.20","      0.20","      0.20","      0.30","      0.20","      0.20","         -","      0.30","      0.20","         -","      0.10","      0.10","         -","      0.20","      0.10","      0.20","      0.10","      0.10","      0.10","      0.40","      0.40","      0.30","      0.10","      0.30","      0.30","         -","      0.30","      0.30","      0.30","      0.60","         -"
"90年","  1,400.00","  1,245.00","  1,245.00","  1,205.00","  1,545.00","  1,545.00","         -","  1,290.00","  1,495.00","         -","  1,165.00","  1,400.00","         -","  1,135.00","  1,355.00","  1,465.00","  1,915.00","  1,675.00","  1,585.00","  1,605.00","  1,700.00","  1,750.00","  1,460.00","  1,645.00","  1,505.00","  1,570.00","  1,235.00","  1,570.00","  1,235.00","  1,860.00","  1,810.00","     13.00","     10.00","     10.00","      5.00","     15.00","     15.00","         -","      7.00","     15.00","         -","      8.00","     15.00","         -","      7.00","     16.00","     18.00","     22.00","     19.00","     17.00","     23.00","     20.00","     23.00","     22.00","     31.00","     26.00","     15.00","     12.00","     11.00","     12.00","      6.00","      4.00","     62.00","     50.00","     50.00","     29.00","     73.00","     73.00","         -","     41.00","     69.00","         -","     40.00","     68.00","         -","     41.00","     66.00","     73.00","     98.00","     88.00","     77.00","     90.00","     92.00","     97.00","     77.00","     86.00","     74.00","     81.00","     54.00","     60.00","     51.00","     71.00","     68.00","    106.00","     95.00","     95.00","     83.00","    120.00","    120.00","         -","    104.00","    120.00","         -","     91.00","    110.00","         -","     87.00","    104.00","    111.00","    146.00","    130.00","    128.00","    117.00","    130.00","    132.00","    105.00","    110.00","    107.00","    118.00","     93.00","    124.00","     94.00","    135.00","    176.00","     75.00","     71.00","     71.00","     89.00","     76.00","     76.00","         -","     81.00","     75.00","         -","     72.00","     69.00","         -","     70.00","     66.00","     69.00","     88.00","     77.00","     76.00","     68.00","     77.00","     76.00","     66.00","     71.00","     68.00","     72.00","     65.00","     93.00","     69.00","    109.00","     83.00","     21.00","     20.00","     20.00","     31.00","     22.00","     22.00","         -","     22.00","     18.00","         -","     20.00","     16.00","         -","     20.00","     17.00","     19.00","     25.00","     18.00","     17.00","     20.00","     19.00","     20.00","     19.00","     26.00","     22.00","     25.00","     20.00","     23.00","     19.00","     43.00","     28.00","      3.00","      3.00","      3.00","      4.00","      3.00","      3.00","         -","      3.00","      2.00","         -","      2.00","      2.00","         -","      2.00","      2.00","      3.00","      4.00","      3.00","      2.00","      3.00","      2.00","      2.00","      3.00","      5.00","      4.00","      3.00","      3.00","      3.00","      2.00","      6.00","      3.00","      0.00","      0.00","      0.00","      0.00","      0.00","      0.00","         -","      0.00","      0.00","         -","      0.00","      0.00","         -","      0.00","      0.00","      0.00","      0.00","      0.00","      0.00","      0.00","      0.00","      0.00","      0.00","      0.00","      0.00","      0.00","      0.00","      0.00","      0.00","      2.00","         -"
"91年","  1,340.00","  1,170.00","  1,170.00","  1,170.00","  1,470.00","  1,470.00","         -","  1,230.00","  1,405.00","         -","  1,070.00","  1,325.00","         -","  1,075.00","  1,320.00","  1,380.00","  1,845.00","  1,650.00","  1,520.00","  1,520.00","  1,635.00","  1,700.00","  1,410.00","  1,630.00","  1,430.00","  1,485.00","  1,190.00","  1,555.00","  1,170.00","  1,760.00","  1,650.00","     12.61","      9.50","      9.50","      4.55","     14.22","     14.22","         -","      6.85","     13.76","         -","      7.53","     13.28","         -","      6.87","     14.86","     16.20","     21.29","     18.89","     15.17","     20.80","     19.82","     21.84","     20.06","     33.48","     25.74","     14.10","     11.76","     11.06","     11.03","      6.96","      7.38","     57.34","     46.52","     46.52","     26.42","     69.04","     69.04","         -","     36.53","     63.80","         -","     36.72","     61.79","         -","     36.48","     62.78","     67.52","     94.61","     79.96","     72.98","     84.37","     86.58","     93.65","     74.62","     83.11","     68.40","     76.07","     52.82","     57.37","     50.62","     58.60","     34.09","    101.59","     87.89","     87.89","     82.13","    115.33","    115.33","         -","     99.62","    114.47","         -","     84.80","    105.82","         -","     83.47","    100.53","    106.82","    137.17","    130.85","    122.87","    110.91","    124.75","    126.03","    101.46","    112.20","     96.65","    108.46","     88.16","    117.40","     90.33","    132.75","    137.54","     72.83","     67.47","     67.47","     87.78","     72.90","     72.90","         -","     76.72","     70.29","         -","     65.96","     66.27","         -","     67.47","     65.61","     64.82","     87.54","     78.94","     74.92","     67.25","     75.79","     75.08","     65.14","     71.14","     69.19","     78.34","     62.71","     96.50","     60.97","    117.14","    110.70","     20.29","     19.13","     19.13","     29.33","     20.48","     20.48","         -","     21.64","     16.80","         -","     17.23","     16.05","         -","     19.50","     16.99","     17.50","     25.27","     18.45","     16.99","     17.95","     16.09","     19.76","     17.85","     23.69","     21.94","     19.04","     19.56","     25.68","     18.39","     30.49","     33.90","      2.65","      2.73","      2.73","      3.75","      2.78","      2.78","         -","      2.89","      2.25","         -","      1.41","      2.27","         -","      2.17","      2.37","      1.83","      2.68","      2.69","      1.45","      2.52","      2.75","      2.76","      2.54","      3.24","      3.54","      1.91","      2.39","      3.04","      3.32","      6.33","      6.06","      0.13","      0.14","      0.14","      0.13","      0.11","      0.11","         -","      0.19","      0.09","         -","      0.03","      0.03","         -","      0.02","      0.11","      0.13","      0.23","      0.23","      0.12","      0.06","         -","      0.36","      0.13","         -","      0.49","      0.35","      0.07","      0.37","      0.41","         -","         -"
"92年","  1,235.00","  1,080.00","  1,080.00","  1,085.00","  1,345.00","  1,345.00","         -","  1,095.00","  1,280.00","         -","  1,020.00","  1,210.00","         -","  1,005.00","  1,205.00","  1,285.00","  1,665.00","  1,470.00","  1,400.00","  1,360.00","  1,540.00","  1,565.00","  1,285.00","  1,465.00","  1,330.00","  1,435.00","  1,055.00","  1,425.00","  1,065.00","  1,605.00","  1,565.00","     11.00","      8.00","      8.00","      4.00","     12.00","     12.00","         -","      5.00","     11.00","         -","      7.00","     12.00","         -","      6.00","     14.00","     14.00","     18.00","     15.00","     14.00","     18.00","     18.00","     19.00","     18.00","     28.00","     21.00","     14.00","     10.00","      9.00","      7.00","      8.00","         -","     52.00","     41.00","     41.00","     24.00","     61.00","     61.00","         -","     34.00","     57.00","         -","     33.00","     57.00","         -","     34.00","     55.00","     61.00","     84.00","     72.00","     67.00","     72.00","     82.00","     83.00","     69.00","     73.00","     61.00","     76.00","     47.00","     51.00","     44.00","     56.00","     40.00","     92.00","     82.00","     82.00","     72.00","    105.00","    105.00","         -","     87.00","    102.00","         -","     78.00","     96.00","         -","     75.00","     90.00","     99.00","    125.00","    115.00","    110.00","     99.00","    115.00","    119.00","     92.00","     96.00","     89.00","    107.00","     77.00","    106.00","     83.00","    123.00","    125.00","     69.00","     63.00","     63.00","     83.00","     68.00","     68.00","         -","     70.00","     66.00","         -","     67.00","     60.00","         -","     65.00","     63.00","     65.00","     81.00","     71.00","     70.00","     63.00","     72.00","     71.00","     59.00","     65.00","     65.00","     69.00","     56.00","     92.00","     62.00","     94.00","    109.00","     20.00","     19.00","     19.00","     30.00","     20.00","     20.00","         -","     20.00","     18.00","         -","     17.00","     15.00","         -","     19.00","     17.00","     15.00","     22.00","     18.00","     17.00","     17.00","     18.00","     19.00","     16.00","     26.00","     25.00","     18.00","     19.00","     24.00","     15.00","     35.00","     32.00","      3.00","      3.00","      3.00","      4.00","      3.00","      3.00","         -","      3.00","      2.00","         -","      2.00","      2.00","         -","      2.00","      2.00","      3.00","      3.00","      3.00","      2.00","      3.00","      3.00","      2.00","      3.00","      5.00","      5.00","      3.00","      2.00","      3.00","      2.00","      5.00","      7.00","      0.00","      0.00","      0.00","      0.00","      0.00","      0.00","         -","      0.00","      0.00","         -","      0.00","      0.00","         -","      0.00","      0.00","      0.00","      0.00","      0.00","      0.00","      0.00","      0.00","      0.00","      0.00","      0.00","      0.00","         -","      0.00","         -","      0.00","      0.00","         -"
"93年","  1,180.00","  1,045.00","  1,045.00","  1,040.00","  1,290.00","  1,290.00","         -","  1,065.00","  1,240.00","         -","    995.00","  1,145.00","         -","    950.00","  1,145.00","  1,210.00","  1,630.00","  1,415.00","  1,335.00","  1,310.00","  1,365.00","  1,430.00","  1,210.00","  1,375.00","  1,280.00","  1,305.00","  1,020.00","  1,490.00","  1,055.00","  1,550.00","  1,290.00","     10.00","      8.00","      8.00","      3.00","     11.00","     11.00","         -","      4.00","     11.00","         -","      6.00","     10.00","         -","      6.00","     10.00","     15.00","     14.00","     14.00","     13.00","     15.00","     16.00","     16.00","     16.00","     23.00","     21.00","     14.00","      9.00","      9.00","      6.00","      7.00","      7.00","     49.00","     39.00","     39.00","     22.00","     56.00","     56.00","         -","     32.00","     53.00","         -","     30.00","     54.00","         -","     31.00","     54.00","     60.00","     79.00","     70.00","     65.00","     71.00","     75.00","     80.00","     65.00","     74.00","     60.00","     60.00","     43.00","     48.00","     46.00","     56.00","     44.00","     86.00","     75.00","     75.00","     68.00","    100.00","    100.00","         -","     83.00","     97.00","         -","     73.00","     87.00","         -","     69.00","     85.00","     88.00","    124.00","    107.00","    103.00","     97.00","    101.00","    106.00","     84.00","     92.00","     85.00","     99.00","     73.00","    114.00","     79.00","    108.00","     97.00","     68.00","     64.00","     64.00","     82.00","     69.00","     69.00","         -","     69.00","     68.00","         -","     69.00","     61.00","         -","     63.00","     61.00","     59.00","     82.00","     70.00","     68.00","     60.00","     63.00","     63.00","     58.00","     59.00","     63.00","     66.00","     58.00","     95.00","     61.00","    101.00","     81.00","     20.00","     20.00","     20.00","     29.00","     19.00","     19.00","         -","     22.00","     17.00","         -","     19.00","     15.00","         -","     19.00","     17.00","     18.00","     24.00","     19.00","     16.00","     17.00","     16.00","     18.00","     16.00","     24.00","     23.00","     21.00","     18.00","     28.00","     17.00","     32.00","     26.00","      3.00","      3.00","      3.00","      4.00","      3.00","      3.00","         -","      3.00","      2.00","         -","      2.00","      2.00","         -","      2.00","      2.00","      2.00","      3.00","      3.00","      2.00","      2.00","      2.00","      3.00","      3.00","      3.00","      4.00","      1.00","      3.00","      4.00","      2.00","      6.00","         -","      0.00","      0.00","      0.00","      0.00","      0.00","      0.00","         -","      0.00","      0.00","         -","      0.00","      0.00","         -","      0.00","      0.00","      0.00","      0.00","      0.00","      0.00","      0.00","      0.00","         -","      0.00","      0.00","      0.00","         -","      0.00","      0.00","      0.00","         -","      3.00"
"94年","  1,115.00","    990.00","    990.00","    985.00","  1,230.00","  1,230.00","         -","  1,010.00","  1,170.00","         -","    930.00","  1,115.00","         -","    920.00","  1,115.00","  1,150.00","  1,525.00","  1,285.00","  1,230.00","  1,255.00","  1,300.00","  1,380.00","  1,145.00","  1,335.00","  1,175.00","  1,190.00","    960.00","  1,400.00","    910.00","  1,410.00","  1,575.00","      8.00","      6.00","      6.00","      3.00","      9.00","      9.00","         -","      4.00","      9.00","         -","      5.00","      9.00","         -","      5.00","     10.00","     12.00","     11.00","     12.00","     11.00","     15.00","     14.00","     14.00","     14.00","     20.00","     18.00","     11.00","      8.00","      6.00","      5.00","      5.00","         -","     44.00","     35.00","     35.00","     19.00","     51.00","     51.00","         -","     29.00","     49.00","         -","     28.00","     49.00","         -","     28.00","     48.00","     51.00","     68.00","     58.00","     56.00","     62.00","     68.00","     71.00","     56.00","     71.00","     55.00","     57.00","     38.00","     47.00","     36.00","     53.00","     66.00","     79.00","     70.00","     70.00","     60.00","     93.00","     93.00","         -","     74.00","     90.00","         -","     67.00","     81.00","         -","     65.00","     82.00","     85.00","    114.00","     98.00","     93.00","     90.00","     95.00","     99.00","     77.00","     80.00","     73.00","     89.00","     69.00","     99.00","     67.00","    107.00","    128.00","     68.00","     63.00","     63.00","     80.00","     69.00","     69.00","         -","     69.00","     66.00","         -","     65.00","     65.00","         -","     64.00","     62.00","     62.00","     82.00","     67.00","     67.00","     62.00","     63.00","     70.00","     61.00","     66.00","     62.00","     61.00","     55.00","     94.00","     55.00","     81.00","     86.00","     21.00","     21.00","     21.00","     31.00","     21.00","     21.00","         -","     23.00","     18.00","         -","     19.00","     17.00","         -","     19.00","     19.00","     18.00","     26.00","     20.00","     17.00","     20.00","     18.00","     19.00","     19.00","     26.00","     23.00","     17.00","     19.00","     30.00","     17.00","     32.00","     32.00","      3.00","      3.00","      3.00","      4.00","      3.00","      3.00","         -","      3.00","      2.00","         -","      2.00","      2.00","         -","      3.00","      2.00","      2.00","      4.00","      2.00","      2.00","      2.00","      2.00","      3.00","      2.00","      4.00","      4.00","      3.00","      3.00","      4.00","      2.00","      4.00","      3.00","      0.00","      0.00","      0.00","      0.00","      0.00","      0.00","         -","      0.00","      0.00","         -","      0.00","      0.00","         -","      0.00","      0.00","      0.00","      0.00","      0.00","      0.00","      0.00","      0.00","      0.00","      0.00","      0.00","      0.00","      0.00","      0.00","      0.00","      0.00","         -","         -"
"95年","  1,115.00","  1,005.00","  1,005.00","  1,015.00","  1,205.00","  1,205.00","  1,100.00","  1,005.00","  1,145.00","  1,030.00","    970.00","  1,065.00","  1,005.00","    925.00","  1,100.00","  1,115.00","  1,540.00","  1,260.00","  1,215.00","  1,185.00","  1,235.00","  1,280.00","  1,125.00","  1,355.00","  1,195.00","  1,210.00","    990.00","  1,495.00","  1,005.00","  1,410.00","  1,400.00","      7.00","      5.00","      5.00","      2.00","      7.00","      7.00","      6.00","      3.00","      8.00","      5.00","      4.00","      6.00","      6.00","      5.00","      7.00","      9.00","      8.00","      8.00","      9.00","     12.00","     10.00","     10.00","     10.00","     22.00","     15.00","     12.00","      8.00","      5.00","      4.00","      3.00","         -","     41.00","     34.00","     34.00","     19.00","     48.00","     48.00","     38.00","     26.00","     45.00","     37.00","     28.00","     43.00","     36.00","     28.00","     45.00","     50.00","     61.00","     56.00","     53.00","     55.00","     61.00","     66.00","     58.00","     66.00","     53.00","     55.00","     40.00","     47.00","     33.00","     43.00","     30.00","     78.00","     69.00","     69.00","     59.00","     91.00","     91.00","     82.00","     73.00","     87.00","     74.00","     69.00","     78.00","     71.00","     62.00","     81.00","     82.00","    113.00","     91.00","     90.00","     86.00","     92.00","     89.00","     76.00","     83.00","     78.00","     83.00","     70.00","    105.00","     76.00","    105.00","     97.00","     71.00","     68.00","     68.00","     85.00","     71.00","     71.00","     70.00","     73.00","     68.00","     68.00","     69.00","     66.00","     65.00","     65.00","     65.00","     63.00","     95.00","     74.00","     70.00","     63.00","     64.00","     68.00","     59.00","     69.00","     65.00","     67.00","     59.00","    103.00","     67.00","     97.00","    119.00","     23.00","     22.00","     22.00","     33.00","     21.00","     21.00","     21.00","     23.00","     19.00","     20.00","     22.00","     18.00","     21.00","     22.00","     20.00","     17.00","     27.00","     20.00","     19.00","     18.00","     18.00","     21.00","     19.00","     26.00","     25.00","     21.00","     19.00","     35.00","     19.00","     30.00","     22.00","      3.00","      3.00","      3.00","      5.00","      3.00","      3.00","      3.00","      3.00","      2.00","      2.00","      2.00","      2.00","      2.00","      3.00","      2.00","      2.00","      4.00","      3.00","      2.00","      3.00","      2.00","      2.00","      3.00","      5.00","      3.00","      4.00","      2.00","      4.00","      2.00","      4.00","     12.00","      0.00","      0.00","      0.00","      0.00","      0.00","      0.00","      0.00","      0.00","      0.00","      0.00","      0.00","      0.00","      0.00","      0.00","      0.00","         -","      0.00","      0.00","      0.00","      0.00","      0.00","      0.00","      0.00","      0.00","      0.00","         -","      0.00","      0.00","         -","         -","         -"
"96年","  1,100.00","    995.00","    995.00","  1,020.00","  1,220.00","  1,220.00","  1,120.00","  1,040.00","  1,165.00","  1,020.00","    980.00","  1,040.00","    995.00","    915.00","  1,070.00","  1,070.00","  1,560.00","  1,245.00","  1,170.00","  1,145.00","  1,180.00","  1,190.00","  1,065.00","  1,285.00","  1,150.00","  1,095.00","    970.00","  1,495.00","    985.00","  1,490.00","  1,720.00","      6.00","      4.00","      4.00","      2.00","      6.00","      6.00","      5.00","      3.00","      7.00","      5.00","      4.00","      5.00","      4.00","      3.00","      6.00","      9.00","      8.00","      8.00","      7.00","      9.00","      8.00","      8.00","      9.00","     16.00","     15.00","      5.00","      6.00","      5.00","      3.00","      6.00","         -","     37.00","     30.00","     30.00","     16.00","     44.00","     44.00","     35.00","     26.00","     41.00","     33.00","     26.00","     37.00","     31.00","     24.00","     39.00","     41.00","     56.00","     50.00","     48.00","     51.00","     54.00","     53.00","     48.00","     57.00","     48.00","     49.00","     35.00","     42.00","     34.00","     41.00","     37.00","     76.00","     67.00","     67.00","     56.00","     92.00","     92.00","     83.00","     72.00","     90.00","     72.00","     67.00","     76.00","     70.00","     62.00","     79.00","     79.00","    112.00","     91.00","     86.00","     83.00","     86.00","     89.00","     73.00","     82.00","     73.00","     82.00","     67.00","    104.00","     69.00","    103.00","    127.00","     74.00","     71.00","     71.00","     89.00","     76.00","     76.00","     75.00","     80.00","     72.00","     71.00","     74.00","     69.00","     68.00","     68.00","     67.00","     66.00","    102.00","     75.00","     70.00","     65.00","     65.00","     68.00","     60.00","     70.00","     64.00","     64.00","     63.00","    110.00","     67.00","    106.00","    126.00","     24.00","     24.00","     24.00","     36.00","     23.00","     23.00","     23.00","     24.00","     21.00","     21.00","     23.00","     19.00","     23.00","     23.00","     21.00","     17.00","     31.00","     22.00","     21.00","     19.00","     20.00","     17.00","     20.00","     28.00","     25.00","     17.00","     20.00","     35.00","     22.00","     35.00","     44.00","      3.00","      3.00","      3.00","      5.00","      3.00","      3.00","      3.00","      3.00","      2.00","      2.00","      2.00","      2.00","      3.00","      3.00","      2.00","      2.00","      3.00","      3.00","      2.00","      2.00","      3.00","      3.00","      3.00","      4.00","      5.00","      2.00","      3.00","      3.00","      2.00","      7.00","     10.00","      0.00","      0.00","      0.00","      0.00","      0.00","      0.00","      0.00","      0.00","      0.00","      0.00","      0.00","      0.00","      0.00","      0.00","      0.00","      0.00","      0.00","      0.00","      0.00","      0.00","      0.00","      0.00","      0.00","      0.00","      0.00","         -","      0.00","      0.00","      0.00","         -","         -"
"97年","  1,050.00","    970.00","    970.00","    975.00","  1,160.00","  1,160.00","  1,045.00","    960.00","  1,095.00","    975.00","    955.00","    990.00","    955.00","    890.00","  1,030.00","  1,035.00","  1,515.00","  1,165.00","  1,135.00","  1,070.00","  1,150.00","  1,140.00","  1,015.00","  1,230.00","  1,090.00","  1,000.00","    915.00","  1,515.00","    965.00","  1,450.00","  1,500.00","      5.00","      4.00","      4.00","      2.00","      5.00","      5.00","      4.00","      2.00","      6.00","      4.00","      3.00","      5.00","      4.00","      3.00","      5.00","      8.00","      7.00","      6.00","      6.00","      9.00","      7.00","      7.00","      8.00","     15.00","     11.00","      5.00","      5.00","      6.00","      4.00","      3.00","         -","     32.00","     27.00","     27.00","     14.00","     37.00","     37.00","     31.00","     21.00","     37.00","     27.00","     21.00","     31.00","     29.00","     22.00","     36.00","     39.00","     48.00","     42.00","     41.00","     44.00","     51.00","     48.00","     43.00","     53.00","     43.00","     38.00","     30.00","     36.00","     27.00","     38.00","     55.00","     72.00","     64.00","     64.00","     52.00","     86.00","     86.00","     75.00","     66.00","     81.00","     69.00","     64.00","     73.00","     66.00","     59.00","     74.00","     73.00","    108.00","     85.00","     84.00","     74.00","     86.00","     83.00","     69.00","     80.00","     71.00","     70.00","     60.00","    109.00","     69.00","    109.00","    107.00","     73.00","     71.00","     71.00","     85.00","     77.00","     77.00","     73.00","     76.00","     71.00","     70.00","     76.00","     66.00","     66.00","     66.00","     67.00","     66.00","    104.00","     73.00","     72.00","     62.00","     66.00","     69.00","     60.00","     67.00","     63.00","     64.00","     62.00","    110.00","     67.00","     97.00","    101.00","     25.00","     25.00","     25.00","     37.00","     24.00","     24.00","     23.00","     24.00","     22.00","     22.00","     24.00","     21.00","     23.00","     25.00","     22.00","     18.00","     32.00","     24.00","     21.00","     22.00","     18.00","     19.00","     20.00","     27.00","     27.00","     21.00","     22.00","     37.00","     22.00","     39.00","     37.00","      3.00","      3.00","      3.00","      5.00","      3.00","      3.00","      3.00","      3.00","      2.00","      3.00","      3.00","      2.00","      3.00","      3.00","      2.00","      3.00","      4.00","      3.00","      3.00","      3.00","      2.00","      2.00","      3.00","      4.00","      3.00","      2.00","      4.00","      5.00","      4.00","      4.00","         -","      0.12","      0.15","      0.15","      0.17","      0.12","      0.12","      0.06","      0.06","      0.05","      0.05","      0.12","         -","      0.10","      0.12","      0.08","      0.23","         -","      0.20","      0.11","      0.15","      0.04","         -","      0.18","      0.12","      0.08","         -","      0.06","      0.32","      0.19","      0.35","         -"
"98年","  1,030.00","    960.00","    960.00","    940.00","  1,125.00","  1,125.00","  1,025.00","    965.00","  1,065.00","    950.00","    930.00","    945.00","    915.00","    870.00","    990.00","  1,040.00","  1,475.00","  1,105.00","  1,155.00","    990.00","  1,085.00","  1,060.00","    950.00","  1,175.00","  1,045.00","  1,015.00","    875.00","  1,515.00","    925.00","  1,485.00","  1,550.00","      4.00","      3.00","      3.00","      2.00","      5.00","      5.00","      4.00","      2.00","      5.00","      3.00","      3.00","      3.00","      3.00","      2.00","      4.00","      6.00","      7.00","      6.00","      5.00","      7.00","      6.00","      5.00","      7.00","     13.00","      8.00","      3.00","      5.00","      3.00","      3.00","      2.00","      3.00","     27.00","     22.00","     22.00","     11.00","     31.00","     31.00","     26.00","     18.00","     31.00","     24.00","     19.00","     27.00","     23.00","     19.00","     29.00","     38.00","     41.00","     36.00","     37.00","     37.00","     42.00","     38.00","     35.00","     51.00","     38.00","     34.00","     23.00","     34.00","     24.00","     35.00","     48.00","     69.00","     61.00","     61.00","     49.00","     81.00","     81.00","     74.00","     65.00","     80.00","     66.00","     60.00","     70.00","     61.00","     55.00","     70.00","     72.00","    107.00","     81.00","     83.00","     71.00","     80.00","     77.00","     66.00","     74.00","     68.00","     70.00","     58.00","    103.00","     64.00","    103.00","     75.00","     75.00","     74.00","     74.00","     83.00","     77.00","     77.00","     74.00","     77.00","     72.00","     71.00","     75.00","     67.00","     69.00","     69.00","     69.00","     66.00","    101.00","     70.00","     79.00","     61.00","     65.00","     68.00","     59.00","     66.00","     65.00","     70.00","     65.00","    121.00","     69.00","    106.00","    141.00","     27.00","     28.00","     28.00","     37.00","     27.00","     27.00","     24.00","     27.00","     22.00","     23.00","     26.00","     20.00","     24.00","     26.00","     23.00","     23.00","     35.00","     25.00","     24.00","     20.00","     21.00","     21.00","     20.00","     26.00","     26.00","     24.00","     21.00","     38.00","     22.00","     44.00","     43.00","      4.00","      4.00","      4.00","      6.00","      4.00","      4.00","      3.00","      4.00","      3.00","      3.00","      3.00","      2.00","      3.00","      3.00","      3.00","      3.00","      4.00","      3.00","      3.00","      2.00","      3.00","      3.00","      3.00","      5.00","      4.00","      2.00","      3.00","      4.00","      3.00","      7.00","         -","      0.12","      0.12","      0.12","      0.22","      0.14","      0.14","      0.11","      0.15","      0.08","      0.04","      0.03","      0.04","      0.10","      0.12","      0.06","      0.06","      0.06","      0.25","      0.13","      0.15","      0.09","         -","      0.24","         -","         -","         -","         -","      0.32","         -","         -","         -"
"99年","    895.00","    815.00","    815.00","    895.00","    950.00","    950.00","    880.00","    835.00","    905.00","    775.00","    790.00","    760.00","    810.00","    840.00","    770.00","    990.00","  1,180.00","    990.00","  1,000.00","    870.00","    950.00","    875.00","    795.00","  1,040.00","    945.00","    860.00","    735.00","  1,300.00","    825.00","  1,350.00","  1,420.00","      4.00","      3.00","      3.00","      2.00","      4.00","      4.00","      3.00","      2.00","      4.00","      3.00","      3.00","      3.00","      3.00","      2.00","      3.00","      6.00","      6.00","      5.00","      5.00","      8.00","      6.00","      5.00","      5.00","     11.00","     10.00","      5.00","      4.00","      3.00","      2.00","      4.00","     10.00","     23.00","     17.00","     17.00","     11.00","     26.00","     26.00","     22.00","     15.00","     26.00","     19.00","     16.00","     21.00","     20.00","     17.00","     23.00","     32.00","     31.00","     30.00","     30.00","     31.00","     33.00","     32.00","     30.00","     42.00","     34.00","     26.00","     21.00","     26.00","     21.00","     27.00","     40.00","     55.00","     48.00","     48.00","     42.00","     62.00","     62.00","     58.00","     51.00","     62.00","     50.00","     47.00","     52.00","     49.00","     49.00","     50.00","     65.00","     78.00","     67.00","     69.00","     57.00","     68.00","     61.00","     51.00","     64.00","     60.00","     53.00","     45.00","     77.00","     54.00","     89.00","     66.00","     65.00","     62.00","     62.00","     77.00","     67.00","     67.00","     65.00","     68.00","     63.00","     57.00","     62.00","     54.00","     62.00","     67.00","     54.00","     65.00","     83.00","     68.00","     69.00","     56.00","     60.00","     54.00","     50.00","     60.00","     56.00","     61.00","     54.00","    105.00","     60.00","     99.00","     97.00","     28.00","     29.00","     29.00","     41.00","     27.00","     27.00","     25.00","     27.00","     23.00","     23.00","     26.00","     20.00","     25.00","     29.00","     21.00","     26.00","     33.00","     24.00","     24.00","     19.00","     20.00","     20.00","     20.00","     27.00","     24.00","     24.00","     19.00","     42.00","     24.00","     43.00","     64.00","      4.00","      4.00","      4.00","      6.00","      4.00","      4.00","      3.00","      4.00","      3.00","      3.00","      4.00","      2.00","      3.00","      4.00","      3.00","      4.00","      5.00","      4.00","      3.00","      3.00","      3.00","      3.00","      3.00","      4.00","      5.00","      3.00","      4.00","      7.00","      4.00","      8.00","      7.00","      0.14","      0.10","      0.10","      0.31","      0.18","      0.18","      0.05","      0.04","      0.06","      0.14","      0.15","      0.13","      0.14","      0.19","      0.08","      0.22","      0.06","      0.20","      0.08","      0.10","         -","      0.16","      0.12","      0.24","      0.31","         -","      0.18","      0.19","         -","         -","         -"
"100年","  1,065.00","  1,035.00","         -","  1,200.00","  1,090.00","  1,090.00","  1,085.00","         -","         -","    950.00","         -","         -","    950.00","         -","         -","  1,030.00","  1,335.00","  1,200.00","  1,135.00","    915.00","  1,035.00","    925.00","    835.00","  1,100.00","  1,060.00","  1,060.00","    685.00","  1,470.00","    900.00","  1,425.00","  2,060.00","      4.00","      3.00","         -","      2.00","      4.00","      4.00","      3.00","         -","         -","      2.00","         -","         -","      3.00","         -","         -","      6.00","      7.00","      5.00","      4.00","      7.00","      5.00","      5.00","      6.00","      8.00","     11.00","      3.00","      3.00","      3.00","      3.00","      3.00","      7.00","     23.00","     20.00","         -","     14.00","     27.00","     27.00","     22.00","         -","         -","     18.00","         -","         -","     20.00","         -","         -","     30.00","     31.00","     31.00","     31.00","     30.00","     33.00","     29.00","     27.00","     42.00","     32.00","     25.00","     17.00","     23.00","     17.00","     22.00","     42.00","     66.00","     61.00","         -","     56.00","     74.00","     74.00","     71.00","         -","         -","     62.00","         -","         -","     59.00","         -","         -","     70.00","     89.00","     85.00","     80.00","     64.00","     76.00","     68.00","     57.00","     70.00","     67.00","     74.00","     41.00","     92.00","     58.00","    103.00","    117.00","     81.00","     82.00","         -","    106.00","     80.00","     80.00","     86.00","         -","         -","     76.00","         -","         -","     73.00","         -","         -","     70.00","     97.00","     83.00","     80.00","     57.00","     66.00","     60.00","     54.00","     64.00","     67.00","     78.00","     51.00","    125.00","     69.00","    104.00","    181.00","     34.00","     36.00","         -","     54.00","     29.00","     29.00","     31.00","         -","         -","     29.00","         -","         -","     31.00","         -","         -","     26.00","     38.00","     32.00","     29.00","     22.00","     23.00","     20.00","     20.00","     31.00","     30.00","     28.00","     21.00","     45.00","     29.00","     48.00","     54.00","      5.00","      5.00","         -","      8.00","      4.00","      4.00","      4.00","         -","         -","      3.00","         -","         -","      4.00","         -","         -","      4.00","      5.00","      4.00","      3.00","      3.00","      4.00","      3.00","      3.00","      5.00","      5.00","      4.00","      4.00","      6.00","      4.00","      5.00","     11.00","      0.15","      0.13","         -","      0.30","      0.17","      0.17","      0.16","         -","         -","      0.08","         -","         -","      0.11","         -","         -","      0.11","      0.27","      0.10","      0.06","      0.15","      0.25","      0.10","      0.18","         -","      0.08","      0.30","      0.12","      0.12","      0.09","         -","         -"
"101年","  1,270.00","  1,265.00","         -","  1,410.00","  1,235.00","  1,235.00","  1,310.00","         -","         -","  1,215.00","         -","         -","  1,140.00","         -","         -","  1,180.00","  1,545.00","  1,480.00","  1,365.00","  1,120.00","  1,230.00","  1,055.00","  1,005.00","  1,215.00","  1,170.00","  1,295.00","    890.00","  1,730.00","  1,025.00","  1,650.00","  2,020.00","      4.00","      4.00","         -","      2.00","      4.00","      4.00","      4.00","         -","         -","      3.00","         -","         -","      3.00","         -","         -","      6.00","      6.00","      7.00","      4.00","      6.00","      5.00","      4.00","      6.00","     11.00","     10.00","      3.00","      3.00","      4.00","      3.00","      3.00","         -","     26.00","     23.00","         -","     15.00","     27.00","     27.00","     26.00","         -","         -","     23.00","         -","         -","     22.00","         -","         -","     33.00","     34.00","     36.00","     35.00","     34.00","     38.00","     32.00","     29.00","     41.00","     35.00","     25.00","     20.00","     29.00","     21.00","     26.00","     32.00","     79.00","     73.00","         -","     69.00","     85.00","     85.00","     87.00","         -","         -","     78.00","         -","         -","     70.00","         -","         -","     81.00","    102.00","    106.00","     96.00","     76.00","     89.00","     75.00","     69.00","     74.00","     74.00","     88.00","     53.00","    109.00","     68.00","     99.00","    138.00","     97.00","    101.00","         -","    122.00","     91.00","     91.00","    101.00","         -","         -","     96.00","         -","         -","     89.00","         -","         -","     82.00","    115.00","    104.00","     98.00","     75.00","     82.00","     72.00","     66.00","     78.00","     75.00","     94.00","     65.00","    137.00","     76.00","    136.00","    164.00","     42.00","     46.00","         -","     64.00","     35.00","     35.00","     39.00","         -","         -","     38.00","         -","         -","     39.00","         -","         -","     30.00","     46.00","     38.00","     35.00","     28.00","     28.00","     24.00","     27.00","     33.00","     34.00","     44.00","     32.00","     59.00","     33.00","     58.00","     60.00","      6.00","      6.00","         -","     10.00","      5.00","      5.00","      5.00","         -","         -","      5.00","         -","         -","      5.00","         -","         -","      4.00","      6.00","      5.00","      5.00","      5.00","      4.00","      4.00","      4.00","      6.00","      6.00","      5.00","      5.00","      8.00","      4.00","      8.00","     10.00","      0.17","      0.18","         -","      0.39","      0.12","      0.12","      0.16","         -","         -","      0.13","         -","         -","      0.12","         -","         -","      0.17","      0.11","      0.05","      0.04","      0.10","      0.04","      0.05","      0.18","      0.24","      0.32","      0.30","         -","      0.25","      0.09","      0.22","         -"
"102年","  1,065.00","  1,060.00","         -","  1,205.00","  1,000.00","  1,000.00","  1,090.00","         -","         -","    980.00","         -","         -","    965.00","         -","         -","  1,030.00","  1,300.00","  1,270.00","  1,110.00","    905.00","    995.00","    830.00","    820.00","  1,060.00","  1,115.00","  1,125.00","    790.00","  1,395.00","    940.00","  1,380.00","  1,760.00","      4.00","      3.00","         -","      1.00","      4.00","      4.00","      3.00","         -","         -","      3.00","         -","         -","      4.00","         -","         -","      6.00","      6.00","      8.00","      4.00","      6.00","      5.00","      4.00","      6.00","     10.00","     12.00","      3.00","      5.00","      4.00","      3.00","      2.00","     12.00","     22.00","     19.00","         -","     13.00","     22.00","     22.00","     21.00","         -","         -","     19.00","         -","         -","     20.00","         -","         -","     29.00","     29.00","     31.00","     28.00","     28.00","     30.00","     25.00","     25.00","     36.00","     36.00","     27.00","     17.00","     25.00","     19.00","     21.00","     34.00","     62.00","     58.00","         -","     55.00","     63.00","     63.00","     68.00","         -","         -","     58.00","         -","         -","     56.00","         -","         -","     65.00","     81.00","     82.00","     74.00","     57.00","     68.00","     56.00","     51.00","     62.00","     65.00","     76.00","     47.00","     80.00","     56.00","     83.00","    103.00","     80.00","     83.00","         -","    102.00","     73.00","     73.00","     84.00","         -","         -","     77.00","         -","         -","     74.00","         -","         -","     71.00","     95.00","     89.00","     78.00","     59.00","     66.00","     54.00","     54.00","     64.00","     71.00","     83.00","     54.00","    110.00","     72.00","    111.00","    121.00","     39.00","     43.00","         -","     60.00","     33.00","     33.00","     37.00","         -","         -","     34.00","         -","         -","     34.00","         -","         -","     31.00","     43.00","     39.00","     33.00","     27.00","     26.00","     24.00","     24.00","     33.00","     34.00","     31.00","     30.00","     53.00","     33.00","     52.00","     64.00","      6.00","      6.00","         -","     10.00","      5.00","      5.00","      5.00","         -","         -","      5.00","         -","         -","      5.00","         -","         -","      4.00","      6.00","      5.00","      5.00","      4.00","      4.00","      3.00","      4.00","      7.00","      5.00","      5.00","      5.00","      7.00","      5.00","      7.00","     18.00","      0.23","      0.17","         -","      0.44","      0.24","      0.24","      0.12","         -","         -","      0.20","         -","         -","      0.27","         -","         -","      0.11","      0.21","      0.16","      0.15","      0.31","      0.17","         -","      0.34","      0.24","      0.32","         -","      0.31","      0.31","      0.27","      0.41","         -"

